name,author,genre,times_on_list,mean_price,mean_rating,mean_reviews
10-Day Green Smoothie Cleanse,JJ Smith,Non Fiction,1,8.0,4.7,17350.0
11/22/63: A Novel,Stephen King,Fiction,1,22.0,4.6,2052.0
12 Rules for Life: An Antidote to Chaos,Jordan B. Peterson,Non Fiction,1,15.0,4.7,18979.0
1984 (Signet Classics),George Orwell,Fiction,1,6.0,4.7,21424.0
"5,000 Awesome Facts (About Everything!) (National Geographic Kids)",National Geographic Kids,Non Fiction,1,12.0,4.8,7665.0
A Dance with Dragons (A Song of Ice and Fire),George R. R. Martin,Fiction,1,11.0,4.4,12643.0
A Game of Thrones / A Clash of Kings / A Storm of Swords / A Feast of Crows / A Dance with Dragons,George R. R. Martin,Fiction,1,30.0,4.7,19735.0
A Gentleman in Moscow: A Novel,Amor Towles,Fiction,1,15.0,4.7,19699.0
"A Higher Loyalty: Truth, Lies, and Leadership",James Comey,Non Fiction,1,3.0,4.7,5983.0
A Man Called Ove: A Novel,Fredrik Backman,Fiction,2,8.0,4.6,23848.0
A Patriot's History of the United States: From Columbus's Great Discovery to the War on Terror,Larry Schweikart,Non Fiction,1,2.0,4.6,460.0
A Stolen Life: A Memoir,Jaycee Dugard,Non Fiction,1,32.0,4.6,4149.0
A Wrinkle in Time (Time Quintet),Madeleine L'Engle,Fiction,1,5.0,4.5,5153.0
"Act Like a Lady, Think Like a Man: What Men Really Think About Love, Relationships, Intimacy, and Commitment",Steve Harvey,Non Fiction,1,17.0,4.6,5013.0
"Adult Coloring Book Designs: Stress Relief Coloring Book: Garden Designs, Mandalas, Animals, and Paisley Patterns",Adult Coloring Book Designs,Non Fiction,1,4.0,4.5,2313.0
Adult Coloring Book: Stress Relieving Animal Designs,Blue Star Coloring,Non Fiction,1,6.0,4.6,2925.0
Adult Coloring Book: Stress Relieving Patterns,Blue Star Coloring,Non Fiction,1,6.0,4.4,2951.0
"Adult Coloring Books: A Coloring Book for Adults Featuring Mandalas and Henna Inspired Flowers, Animals, and Paisley…",Coloring Books for Adults,Non Fiction,1,8.0,4.5,2426.0
Alexander Hamilton,Ron Chernow,Non Fiction,1,13.0,4.8,9198.0
All the Light We Cannot See,Anthony Doerr,Fiction,2,14.0,4.6,36348.0
Allegiant,Veronica Roth,Fiction,1,13.0,3.9,6310.0
American Sniper: The Autobiography of the Most Lethal Sniper in U.S. Military History,Chris Kyle,Non Fiction,1,9.0,4.6,15921.0
And the Mountains Echoed,Khaled Hosseini,Fiction,1,13.0,4.3,12159.0
Arguing with Idiots: How to Stop Small Minds and Big Government,Glenn Beck,Non Fiction,1,5.0,4.6,798.0
Astrophysics for People in a Hurry,Neil deGrasse Tyson,Non Fiction,1,9.0,4.7,9374.0
"Autobiography of Mark Twain, Vol. 1",Mark Twain,Non Fiction,1,14.0,4.2,491.0
Baby Touch and Feel: Animals,DK,Non Fiction,1,5.0,4.6,5360.0
Balance (Angie's Extreme Stress Menders),Angie Grace,Non Fiction,1,11.0,4.6,1909.0
Barefoot Contessa Foolproof: Recipes You Can Trust: A Cookbook,Ina Garten,Non Fiction,1,24.0,4.8,1296.0
"Barefoot Contessa, How Easy Is That?: Fabulous Recipes & Easy Tips",Ina Garten,Non Fiction,1,21.0,4.7,615.0
Becoming,Michelle Obama,Non Fiction,2,11.0,4.8,61133.0
Being Mortal: Medicine and What Matters in the End,Atul Gawande,Non Fiction,1,15.0,4.8,11113.0
Between the World and Me,Ta-Nehisi Coates,Non Fiction,2,13.0,4.7,10070.0
Born to Run,Bruce Springsteen,Non Fiction,1,18.0,4.7,3729.0
"Breaking Dawn (The Twilight Saga, Book 4)",Stephenie Meyer,Fiction,1,13.0,4.6,9769.0
"Broke: The Plan to Restore Our Trust, Truth and Treasure",Glenn Beck,Non Fiction,1,8.0,4.5,471.0
"Brown Bear, Brown Bear, What Do You See?",Bill Martin Jr.,Fiction,2,5.0,4.9,14344.0
"Cabin Fever (Diary of a Wimpy Kid, Book 6)",Jeff Kinney,Fiction,1,0.0,4.8,4505.0
Calm the F*ck Down: An Irreverent Adult Coloring Book (Irreverent Book Series),Sasha O'Hara,Non Fiction,1,4.0,4.6,10369.0
Can't Hurt Me: Master Your Mind and Defy the Odds,David Goggins,Non Fiction,1,18.0,4.8,16244.0
Capital in the Twenty First Century,Thomas Piketty,Non Fiction,1,28.0,4.5,2884.0
Catching Fire (The Hunger Games),Suzanne Collins,Fiction,3,11.0,4.7,22614.0
Cravings: Recipes for All the Food You Want to Eat: A Cookbook,Chrissy Teigen,Non Fiction,1,16.0,4.7,4761.0
Crazy Love: Overwhelmed by a Relentless God,Francis Chan,Non Fiction,3,14.0,4.7,1542.0
Crazy Rich Asians (Crazy Rich Asians Trilogy),Kevin Kwan,Fiction,1,8.0,4.3,6143.0
Creative Haven Creative Cats Coloring Book (Adult Coloring),Marjorie Sarnat,Non Fiction,1,4.0,4.8,4022.0
Creative Haven Owls Coloring Book (Adult Coloring),Marjorie Sarnat,Non Fiction,1,5.0,4.8,3871.0
Cutting for Stone,Abraham Verghese,Fiction,2,11.0,4.6,4866.0
"Daring Greatly: How the Courage to Be Vulnerable Transforms the Way We Live, Love, Parent, and Lead",Brené Brown,Non Fiction,1,10.0,4.8,1329.0
"David and Goliath: Underdogs, Misfits, and the Art of Battling Giants",Malcolm Gladwell,Non Fiction,1,13.0,4.4,4642.0
Dead And Gone: A Sookie Stackhouse Novel (Sookie Stackhouse/True Blood),Charlaine Harris,Fiction,1,4.0,4.6,1541.0
"Dead Reckoning (Sookie Stackhouse/True Blood, Book 11)",Charlaine Harris,Fiction,1,4.0,4.2,2094.0
"Dead in the Family (Sookie Stackhouse/True Blood, Book 10)",Charlaine Harris,Fiction,1,8.0,4.3,1924.0
Dear Zoo: A Lift-the-Flap Book,Rod Campbell,Fiction,4,5.0,4.8,10922.0
Decision Points,George W. Bush,Non Fiction,1,17.0,4.6,2137.0
"Delivering Happiness: A Path to Profits, Passion, and Purpose",Tony Hsieh,Non Fiction,1,15.0,4.6,1651.0
"Diagnostic and Statistical Manual of Mental Disorders, 5th Edition: DSM-5",American Psychiatric Association,Non Fiction,2,105.0,4.5,6679.0
"Diary of a Wimpy Kid: Hard Luck, Book 8",Jeff Kinney,Fiction,1,0.0,4.8,6812.0
Diary of a Wimpy Kid: The Last Straw (Book 3),Jeff Kinney,Fiction,1,15.0,4.8,3837.0
Diary of a Wimpy Kid: The Long Haul,Jeff Kinney,Fiction,1,22.0,4.8,6540.0
Difficult Riddles For Smart Kids: 300 Difficult Riddles And Brain Teasers Families Will Love (Books for Smart Kids),M Prefontaine,Non Fiction,1,5.0,4.6,7955.0
Divergent,Veronica Roth,Fiction,2,15.0,4.6,27098.0
Divergent / Insurgent,Veronica Roth,Fiction,1,6.0,4.5,17684.0
"Divine Soul Mind Body Healing and Transmission System: The Divine Way to Heal You, Humanity, Mother Earth, and All…",Zhi Gang Sha,Non Fiction,1,6.0,4.6,37.0
Doctor Sleep: A Novel,Stephen King,Fiction,1,13.0,4.7,15845.0
"Dog Days (Diary of a Wimpy Kid, Book 4) (Volume 4)",Jeff Kinney,Fiction,1,12.0,4.8,3181.0
Dog Man and Cat Kid: From the Creator of Captain Underpants (Dog Man #4),Dav Pilkey,Fiction,1,6.0,4.9,5062.0
Dog Man: A Tale of Two Kitties: From the Creator of Captain Underpants (Dog Man #3),Dav Pilkey,Fiction,1,8.0,4.9,4786.0
Dog Man: Brawl of the Wild: From the Creator of Captain Underpants (Dog Man #6),Dav Pilkey,Fiction,2,4.0,4.9,7235.0
Dog Man: Fetch-22: From the Creator of Captain Underpants (Dog Man #8),Dav Pilkey,Fiction,1,8.0,4.9,12619.0
Dog Man: For Whom the Ball Rolls: From the Creator of Captain Underpants (Dog Man #7),Dav Pilkey,Fiction,1,8.0,4.9,9089.0
Dog Man: Lord of the Fleas: From the Creator of Captain Underpants (Dog Man #5),Dav Pilkey,Fiction,1,6.0,4.9,5470.0
Double Down (Diary of a Wimpy Kid #11),Jeff Kinney,Fiction,1,20.0,4.8,5118.0
Dover Creative Haven Art Nouveau Animal Designs Coloring Book (Creative Haven Coloring Books),Marty Noble,Non Fiction,1,5.0,4.6,2134.0
Drive: The Surprising Truth About What Motivates Us,Daniel H. Pink,Non Fiction,1,16.0,4.5,2525.0
Eat This Not That! Supermarket Survival Guide: The No-Diet Weight Loss Solution,David Zinczenko,Non Fiction,1,1.0,4.5,720.0
"Eat This, Not That! Thousands of Simple Food Swaps that Can Save You 10, 20, 30 Pounds--or More!",David Zinczenko,Non Fiction,1,14.0,4.3,956.0
"Eat to Live: The Amazing Nutrient-Rich Program for Fast and Sustained Weight Loss, Revised Edition",Joel Fuhrman MD,Non Fiction,2,9.0,4.5,6346.0
Eclipse (Twilight Sagas),Stephenie Meyer,Fiction,1,7.0,4.7,5505.0
Eclipse (Twilight),Stephenie Meyer,Fiction,1,18.0,4.7,5505.0
Educated: A Memoir,Tara Westover,Non Fiction,2,15.0,4.7,28729.0
"Enchanted Forest: An Inky Quest and Coloring book (Activity Books, Mindfulness and Meditation, Illustrated Floral Prints…",Johanna Basford,Non Fiction,1,9.0,4.7,5413.0
Fahrenheit 451,Ray Bradbury,Fiction,2,8.0,4.6,10721.0
Fantastic Beasts and Where to Find Them: The Original Screenplay (Harry Potter),J.K. Rowling,Fiction,1,15.0,4.7,4370.0
Fear: Trump in the White House,Bob Woodward,Non Fiction,1,2.0,4.4,6042.0
Fifty Shades Darker,E L James,Fiction,1,7.0,4.4,23631.0
Fifty Shades Freed: Book Three of the Fifty Shades Trilogy (Fifty Shades of Grey Series) (English Edition),E L James,Fiction,1,11.0,4.5,20262.0
Fifty Shades Trilogy (Fifty Shades of Grey / Fifty Shades Darker / Fifty Shades Freed),E L James,Fiction,1,32.0,4.5,13964.0
Fifty Shades of Grey: Book One of the Fifty Shades Trilogy (Fifty Shades of Grey Series),E L James,Fiction,2,14.0,3.8,47265.0
Fire and Fury: Inside the Trump White House,Michael Wolff,Non Fiction,1,6.0,4.2,13677.0
First 100 Words,Roger Priddy,Non Fiction,5,4.0,4.7,17323.0
Food Rules: An Eater's Manual,Michael Pollan,Non Fiction,1,9.0,4.4,1555.0
Frozen (Little Golden Book),RH Disney,Fiction,1,0.0,4.7,3642.0
"Game Change: Obama and the Clintons, McCain and Palin, and the Race of a Lifetime",John Heilemann,Non Fiction,1,9.0,4.4,1215.0
Game of Thrones Boxed Set: A Game of Thrones/A Clash of Kings/A Storm of Swords/A Feast for Crows,George R.R. Martin,Fiction,3,5.0,4.6,5594.0
George Washington's Sacred Fire,Peter A. Lillback,Non Fiction,1,20.0,4.5,408.0
George Washington's Secret Six: The Spy Ring That Saved the American Revolution,Brian Kilmeade,Non Fiction,1,16.0,4.6,4799.0
Giraffes Can't Dance,Giles Andreae,Fiction,5,4.0,4.8,14038.0
"Girl, Stop Apologizing: A Shame-Free Plan for Embracing and Achieving Your Goals",Rachel Hollis,Non Fiction,1,12.0,4.6,7660.0
"Girl, Wash Your Face: Stop Believing the Lies About Who You Are So You Can Become Who You Were Meant to Be",Rachel Hollis,Non Fiction,2,12.0,4.6,22288.0
"Glenn Beck's Common Sense: The Case Against an Out-of-Control Government, Inspired by Thomas Paine",Glenn Beck,Non Fiction,1,11.0,4.6,1365.0
Go Set a Watchman: A Novel,Harper Lee,Fiction,1,19.0,3.6,14982.0
Go the F**k to Sleep,Adam Mansbach,Fiction,1,9.0,4.8,9568.0
Going Rogue: An American Life,Sarah Palin,Non Fiction,1,6.0,4.6,1636.0
Gone Girl,Gillian Flynn,Fiction,3,9.666666666666666,4.0,57271.0
Good Days Start With Gratitude: A 52 Week Guide To Cultivate An Attitude Of Gratitude: Gratitude Journal,Pretty Simple Press,Non Fiction,1,6.0,4.6,10141.0
Good to Great: Why Some Companies Make the Leap and Others Don't,Jim Collins,Non Fiction,4,14.0,4.5,3457.0
Goodnight Moon,Margaret Wise Brown,Fiction,3,5.0,4.8,8837.0
"Goodnight, Goodnight Construction Site (Hardcover Books for Toddlers, Preschool Books for Kids)",Sherri Duskey Rinker,Fiction,2,7.0,4.9,7038.0
"Grain Brain: The Surprising Truth about Wheat, Carbs, and Sugar--Your Brain's Silent Killers",David Perlmutter MD,Non Fiction,1,10.0,4.6,5972.0
Grey: Fifty Shades of Grey as Told by Christian (Fifty Shades of Grey Series),E L James,Fiction,1,14.0,4.4,25624.0
Guts,Raina Telgemeier,Non Fiction,1,7.0,4.8,5476.0
Hamilton: The Revolution,Lin-Manuel Miranda,Non Fiction,1,54.0,4.9,5867.0
"Happy, Happy, Happy: My Life and Legacy as the Duck Commander",Phil Robertson,Non Fiction,1,11.0,4.8,4148.0
Harry Potter Coloring Book,Scholastic,Non Fiction,1,9.0,4.7,3564.0
Harry Potter Paperback Box Set (Books 1-7),J. K. Rowling,Fiction,1,52.0,4.8,13471.0
"Harry Potter and the Chamber of Secrets: The Illustrated Edition (Harry Potter, Book 2)",J.K. Rowling,Fiction,1,30.0,4.9,19622.0
"Harry Potter and the Cursed Child, Parts 1 & 2, Special Rehearsal Edition Script",J.K. Rowling,Fiction,1,12.0,4.0,23973.0
"Harry Potter and the Goblet of Fire: The Illustrated Edition (Harry Potter, Book 4) (4)",J. K. Rowling,Fiction,1,18.0,4.9,7758.0
"Harry Potter and the Prisoner of Azkaban: The Illustrated Edition (Harry Potter, Book 3)",J.K. Rowling,Fiction,1,30.0,4.9,3146.0
"Harry Potter and the Sorcerer's Stone: The Illustrated Edition (Harry Potter, Book 1)",J.K. Rowling,Fiction,1,22.0,4.9,10052.0
Have a Little Faith: A True Story,Mitch Albom,Non Fiction,1,4.0,4.8,1930.0
Heaven is for Real: A Little Boy's Astounding Story of His Trip to Heaven and Back,Todd Burpo,Non Fiction,2,10.0,4.7,15779.0
Hillbilly Elegy: A Memoir of a Family and Culture in Crisis,J. D. Vance,Non Fiction,2,14.0,4.4,15526.0
Homebody: A Guide to Creating Spaces You Never Want to Leave,Joanna Gaines,Non Fiction,1,22.0,4.8,3776.0
How to Win Friends & Influence People,Dale Carnegie,Non Fiction,5,11.0,4.7,25001.0
Howard Stern Comes Again,Howard Stern,Non Fiction,1,16.0,4.3,5272.0
Humans of New York,Brandon Stanton,Non Fiction,2,15.0,4.8,3490.0
Humans of New York : Stories,Brandon Stanton,Non Fiction,1,17.0,4.9,2812.0
"Hyperbole and a Half: Unfortunate Situations, Flawed Coping Mechanisms, Mayhem, and Other Things That Happened",Allie Brosh,Non Fiction,1,17.0,4.7,4896.0
"I Am Confident, Brave & Beautiful: A Coloring Book for Girls",Hopscotch Girls,Non Fiction,1,7.0,4.8,9737.0
"I, Alex Cross",James Patterson,Fiction,1,7.0,4.6,1320.0
If Animals Kissed Good Night,Ann Whitford Paul,Fiction,2,4.0,4.8,16643.0
If I Stay,Gayle Forman,Fiction,1,9.0,4.3,7153.0
"In the Garden of Beasts: Love, Terror, and an American Family in Hitler's Berlin",Eric Larson,Non Fiction,1,21.0,4.4,4571.0
Inferno,Dan Brown,Fiction,1,14.0,4.1,29651.0
Inheritance: Book IV (Inheritance Cycle),Christopher Paolini,Fiction,1,20.0,4.6,5299.0
Instant Pot Pressure Cooker Cookbook: 500 Everyday Recipes for Beginners and Advanced Users. Try Easy and Healthy…,Jennifer Smith,Non Fiction,2,13.0,4.4,7396.0
It's Not Supposed to Be This Way: Finding Unexpected Strength When Disappointments Leave You Shattered,Lysa TerKeurst,Non Fiction,1,12.0,4.8,7062.0
JOURNEY TO THE ICE P,RH Disney,Fiction,1,0.0,4.6,978.0
Jesus Calling: Enjoying Peace in His Presence (with Scripture References),Sarah Young,Non Fiction,6,8.0,4.9,19576.0
Joyland (Hard Case Crime),Stephen King,Fiction,1,12.0,4.5,4748.0
Killers of the Flower Moon: The Osage Murders and the Birth of the FBI,David Grann,Non Fiction,1,17.0,4.6,8393.0
Killing Jesus (Bill O'Reilly's Killing Series),Bill O'Reilly,Non Fiction,1,12.0,4.5,11391.0
Killing Kennedy: The End of Camelot,Bill O'Reilly,Non Fiction,1,25.0,4.6,8634.0
Killing Lincoln: The Shocking Assassination that Changed America Forever (Bill O'Reilly's Killing Series),Bill O'Reilly,Non Fiction,2,10.0,4.7,9342.0
Killing Patton: The Strange Death of World War II's Most Audacious General (Bill O'Reilly's Killing Series),Bill O'Reilly,Non Fiction,1,6.0,4.6,10927.0
Killing Reagan: The Violent Assault That Changed a Presidency (Bill O'Reilly's Killing Series),Bill O'Reilly,Non Fiction,1,5.0,4.6,5235.0
Killing the Rising Sun: How America Vanquished World War II Japan (Bill O'Reilly's Killing Series),Bill O'Reilly,Non Fiction,1,6.0,4.8,8916.0
Kitchen Confidential Updated Edition: Adventures in the Culinary Underbelly (P.S.),Anthony Bourdain,Non Fiction,1,8.0,4.8,2507.0
Knock-Knock Jokes for Kids,Rob Elliott,Non Fiction,3,4.0,4.5,3673.0
"Last Week Tonight with John Oliver Presents A Day in the Life of Marlon Bundo (Better Bundo Book, LGBT Childrens Book)",Jill Twiss,Fiction,1,13.0,4.9,11881.0
Laugh-Out-Loud Jokes for Kids,Rob Elliott,Non Fiction,5,4.0,4.6,6990.0
"Lean In: Women, Work, and the Will to Lead",Sheryl Sandberg,Non Fiction,1,13.0,4.5,6132.0
Leonardo da Vinci,Walter Isaacson,Non Fiction,1,21.0,4.5,3014.0
Lettering and Modern Calligraphy: A Beginner's Guide: Learn Hand Lettering and Brush Lettering,Paper Peony Press,Non Fiction,1,6.0,4.4,7550.0
Liberty and Tyranny: A Conservative Manifesto,Mark R. Levin,Non Fiction,1,15.0,4.8,3828.0
Life,Keith Richards,Non Fiction,1,18.0,4.5,2752.0
Little Bee: A Novel,Chris Cleave,Fiction,1,10.0,4.1,1467.0
Little Blue Truck,Alice Schertle,Fiction,1,0.0,4.9,1884.0
Little Fires Everywhere,Celeste Ng,Fiction,1,12.0,4.5,25706.0
Looking for Alaska,John Green,Fiction,1,7.0,4.5,8491.0
"Love Wins: A Book About Heaven, Hell, and the Fate of Every Person Who Ever Lived",Rob Bell,Non Fiction,1,13.0,4.2,1649.0
Love You Forever,Robert Munsch,Fiction,2,5.0,4.8,18613.0
Magnolia Table: A Collection of Recipes for Gathering,Joanna Gaines,Non Fiction,1,16.0,4.8,9867.0
Make It Ahead: A Barefoot Contessa Cookbook,Ina Garten,Non Fiction,1,20.0,4.5,1386.0
Make Your Bed: Little Things That Can Change Your Life...And Maybe the World,Admiral William H. McRaven,Non Fiction,1,11.0,4.7,10199.0
"Mastering the Art of French Cooking, Vol. 2",Julia Child,Non Fiction,1,27.0,4.8,2926.0
Milk and Honey,Rupi Kaur,Non Fiction,3,8.0,4.7,17739.0
Milk and Vine: Inspirational Quotes From Classic Vines,Adam Gasiewski,Non Fiction,1,6.0,4.4,3113.0
Mindset: The New Psychology of Success,Carol S. Dweck,Non Fiction,3,10.0,4.6,5542.0
Mockingjay (The Hunger Games),Suzanne Collins,Fiction,3,8.0,4.5,26741.0
"National Geographic Kids Why?: Over 1,111 Answers to Everything",Crispin Boyer,Non Fiction,1,16.0,4.8,5347.0
National Geographic Little Kids First Big Book of Why (National Geographic Little Kids First Big Books),Amy Shields,Non Fiction,1,11.0,4.8,7866.0
New Moon (The Twilight Saga),Stephenie Meyer,Fiction,1,10.0,4.6,5680.0
Night (Night),Elie Wiesel,Non Fiction,1,9.0,4.7,5178.0
No Easy Day: The Autobiography of a Navy Seal: The Firsthand Account of the Mission That Killed Osama Bin Laden,Mark Owen,Non Fiction,1,14.0,4.6,8093.0
Obama: An Intimate Portrait,Pete Souza,Non Fiction,1,22.0,4.9,3192.0
"Oh, the Places You'll Go!",Dr. Seuss,Fiction,8,8.0,4.9,21834.0
Old School (Diary of a Wimpy Kid #10),Jeff Kinney,Fiction,1,7.0,4.8,6169.0
Olive Kitteridge,Elizabeth Strout,Fiction,1,12.0,4.2,4519.0
One Thousand Gifts: A Dare to Live Fully Right Where You Are,Ann Voskamp,Non Fiction,2,13.0,4.6,3163.0
"Option B: Facing Adversity, Building Resilience, and Finding Joy",Sheryl Sandberg,Non Fiction,1,9.0,4.5,1831.0
Origin: A Novel (Robert Langdon),Dan Brown,Fiction,1,13.0,4.3,18904.0
Orphan Train,Christina Baker Kline,Fiction,1,11.0,4.6,21930.0
Outliers: The Story of Success,Malcolm Gladwell,Non Fiction,2,20.0,4.6,10426.0
P is for Potty! (Sesame Street) (Lift-the-Flap),Naomi Kleinberg,Non Fiction,2,5.0,4.7,10820.0
Percy Jackson and the Olympians Paperback Boxed Set (Books 1-3),Rick Riordan,Fiction,1,2.0,4.8,548.0
Player's Handbook (Dungeons & Dragons),Wizards RPG Team,Fiction,3,27.0,4.8,16990.0
Pokémon Deluxe Essential Handbook: The Need-to-Know Stats and Facts on Over 700 Pokémon,Scholastic,Fiction,1,9.0,4.7,3503.0
Proof of Heaven: A Neurosurgeon's Journey into the Afterlife,Eben Alexander,Non Fiction,2,10.0,4.3,13616.0
"Publication Manual of the American Psychological Association, 6th Edition",American Psychological Association,Non Fiction,10,46.0,4.5,8580.0
Puppy Birthday to You! (Paw Patrol) (Little Golden Book),Golden Books,Fiction,1,4.0,4.8,4757.0
Quiet: The Power of Introverts in a World That Can't Stop Talking,Susan Cain,Non Fiction,2,13.5,4.6,10009.0
Radical: Taking Back Your Faith from the American Dream,David Platt,Non Fiction,2,9.0,4.7,1985.0
Ready Player One: A Novel,Ernest Cline,Fiction,2,12.0,4.6,22536.0
Rush Revere and the Brave Pilgrims: Time-Travel Adventures with Exceptional Americans (1),Rush Limbaugh,Fiction,1,12.0,4.9,7150.0
Rush Revere and the First Patriots: Time-Travel Adventures With Exceptional Americans (2),Rush Limbaugh,Fiction,1,12.0,4.9,3836.0
"Salt, Fat, Acid, Heat: Mastering the Elements of Good Cooking",Samin Nosrat,Non Fiction,2,20.0,4.8,7802.0
Sarah's Key,Tatiana de Rosnay,Fiction,1,10.0,4.6,3619.0
"School Zone - Big Preschool Workbook - Ages 4 and Up, Colors, Shapes, Numbers 1-10, Alphabet, Pre-Writing, Pre-Reading…",School Zone,Non Fiction,2,6.0,4.8,23047.0
"Secret Garden: An Inky Treasure Hunt and Coloring Book (For Adults, mindfulness coloring)",Johanna Basford,Non Fiction,1,9.0,4.7,9366.0
Sh*t My Dad Says,Justin Halpern,Non Fiction,1,11.0,4.7,1265.0
Ship of Fools: How a Selfish Ruling Class Is Bringing America to the Brink of Revolution,Tucker Carlson,Non Fiction,1,16.0,4.8,3923.0
Shred: The Revolutionary Diet: 6 Weeks 4 Inches 2 Sizes,Ian K. Smith M.D.,Non Fiction,1,6.0,4.1,2272.0
Sookie Stackhouse,Charlaine Harris,Fiction,1,25.0,4.7,973.0
"Soul Healing Miracles: Ancient and New Sacred Wisdom, Knowledge, and Practical Techniques for Healing the Spiritual…",Zhi Gang Sha,Non Fiction,1,17.0,4.6,220.0
Steve Jobs,Walter Isaacson,Non Fiction,2,20.0,4.6,7827.0
Strange Planet (Strange Planet Series),Nathan W. Pyle,Fiction,1,6.0,4.9,9382.0
StrengthsFinder 2.0,Gallup,Non Fiction,9,17.0,4.0,5069.0
"Super Freakonomics: Global Cooling, Patriotic Prostitutes, and Why Suicide Bombers Should Buy Life Insurance",Steven D. Levitt,Non Fiction,1,18.0,4.5,1583.0
Switch: How to Change Things When Change Is Hard,Chip Heath,Non Fiction,1,13.0,4.6,1907.0
Sycamore Row (Jake Brigance),John Grisham,Fiction,1,18.0,4.5,23114.0
Teach Like a Champion: 49 Techniques that Put Students on the Path to College,Doug Lemov,Non Fiction,2,20.0,4.4,637.0
The 17 Day Diet: A Doctor's Plan Designed for Rapid Results,Mike Moreno,Non Fiction,1,22.0,4.3,2314.0
"The 4 Hour Body: An Uncommon Guide to Rapid Fat Loss, Incredible Sex and Becoming Superhuman",Timothy Ferriss,Non Fiction,1,21.0,4.3,4587.0
The 5 Love Languages: The Secret to Love That Lasts,Gary Chapman,Non Fiction,10,18.0,4.75,14515.5
The 5000 Year Leap,W. Cleon Skousen,Non Fiction,1,12.0,4.8,1680.0
The 7 Habits of Highly Effective People: Powerful Lessons in Personal Change,Stephen R. Covey,Non Fiction,7,20.571428571428573,4.642857142857143,7353.571428571428
The Alchemist,Paulo Coelho,Fiction,1,39.0,4.7,35799.0
The Amateur,Edward Klein,Non Fiction,1,9.0,4.6,2580.0
The Art of Racing in the Rain: A Novel,Garth Stein,Fiction,2,10.0,4.7,11813.0
The Big Short: Inside the Doomsday Machine,Michael Lewis,Non Fiction,1,17.0,4.7,3536.0
"The Blood Sugar Solution: The UltraHealthy Program for Losing Weight, Preventing Disease, and Feeling Great Now!",Mark Hyman M.D.,Non Fiction,1,14.0,4.2,1789.0
The Blood of Olympus (The Heroes of Olympus (5)),Rick Riordan,Fiction,1,11.0,4.8,6600.0
"The Body Keeps the Score: Brain, Mind, and Body in the Healing of Trauma",Bessel van der Kolk M.D.,Non Fiction,1,12.0,4.8,12361.0
The Book Thief,Markus Zusak,Fiction,2,6.0,4.6,23148.0
The Book of Basketball: The NBA According to The Sports Guy,Bill Simmons,Non Fiction,1,53.0,4.7,858.0
The Book with No Pictures,B. J. Novak,Fiction,2,8.0,4.8,8081.0
The Boys in the Boat: Nine Americans and Their Epic Quest for Gold at the 1936 Berlin Olympics,Daniel James Brown,Non Fiction,2,12.0,4.8,23358.0
The Casual Vacancy,J.K. Rowling,Fiction,1,12.0,3.3,9372.0
The China Study: The Most Comprehensive Study of Nutrition Ever Conducted And the Startling Implications for Diet…,Thomas Campbell,Non Fiction,1,21.0,4.7,4633.0
The Complete Ketogenic Diet for Beginners: Your Essential Guide to Living the Keto Lifestyle,Amy Ramos,Non Fiction,2,6.0,4.3,13061.0
The Confession: A Novel,John Grisham,Fiction,1,13.0,4.3,3523.0
The Constitution of the United States,Delegates of the Constitutional,Non Fiction,1,0.0,4.8,2774.0
The Daily Show with Jon Stewart Presents Earth (The Book): A Visitor's Guide to the Human Race,Jon Stewart,Non Fiction,1,11.0,4.4,440.0
The Day the Crayons Quit,Drew Daywalt,Fiction,3,9.0,4.8,8922.0
"The Dukan Diet: 2 Steps to Lose the Weight, 2 Steps to Keep It Off Forever",Pierre Dukan,Non Fiction,1,15.0,4.1,2023.0
The Elegance of the Hedgehog,Muriel Barbery,Fiction,1,11.0,4.0,1859.0
The Fault in Our Stars,John Green,Fiction,3,11.5,4.7,50482.0
The Five Dysfunctions of a Team: A Leadership Fable,Patrick Lencioni,Non Fiction,5,6.0,4.6,3207.0
The Five Love Languages: How to Express Heartfelt Commitment to Your Mate,Gary Chapman,Non Fiction,1,9.0,4.6,803.0
The Four Agreements: A Practical Guide to Personal Freedom (A Toltec Wisdom Book),Don Miguel Ruiz,Non Fiction,6,6.0,4.7,23308.0
The Getaway,Jeff Kinney,Fiction,1,0.0,4.8,5836.0
The Girl Who Kicked the Hornet's Nest (Millennium Trilogy),Stieg Larsson,Fiction,2,14.0,4.7,7747.0
The Girl Who Played with Fire (Millennium Series),Stieg Larsson,Fiction,1,9.0,4.7,7251.0
The Girl Who Played with Fire (Millennium),Stieg Larsson,Fiction,1,16.0,4.7,7251.0
The Girl on the Train,Paula Hawkins,Fiction,2,12.5,4.1,79446.0
The Girl with the Dragon Tattoo (Millennium Series),Stieg Larsson,Fiction,2,2.0,4.4,10559.0
The Going-To-Bed Book,Sandra Boynton,Fiction,2,5.0,4.8,5249.0
The Goldfinch: A Novel (Pulitzer Prize for Fiction),Donna Tartt,Fiction,2,20.0,3.9,33844.0
The Great Gatsby,F. Scott Fitzgerald,Fiction,3,7.0,4.4,11616.0
The Guardians: A Novel,John Grisham,Fiction,1,14.0,4.5,13609.0
The Guernsey Literary and Potato Peel Pie Society,Mary Ann Shaffer,Fiction,1,10.0,4.7,8587.0
The Handmaid's Tale,Margaret Atwood,Fiction,1,7.0,4.3,29442.0
The Harbinger: The Ancient Mystery that Holds the Secret of America's Future,Jonathan Cahn,Fiction,1,13.0,4.6,11098.0
The Hate U Give,Angie Thomas,Fiction,1,11.0,4.8,9947.0
The Help,Kathryn Stockett,Fiction,3,6.75,4.8,13871.0
"The House of Hades (Heroes of Olympus, Book 4)",Rick Riordan,Fiction,1,14.0,4.8,6982.0
The Hunger Games,Suzanne Collins,Fiction,1,14.0,4.7,32122.0
The Hunger Games (Book 1),Suzanne Collins,Fiction,2,8.0,4.7,32122.0
The Hunger Games Trilogy Boxed Set (1),Suzanne Collins,Fiction,2,30.0,4.8,16949.0
The Immortal Life of Henrietta Lacks,Rebecca Skloot,Non Fiction,3,10.333333333333334,4.7,9289.0
The Instant Pot Electric Pressure Cooker Cookbook: Easy Recipes for Fast & Healthy Meals,Laurel Randolph,Non Fiction,2,7.0,4.3,7368.0
The Last Lecture,Randy Pausch,Non Fiction,1,9.0,4.7,4028.0
"The Last Olympian (Percy Jackson and the Olympians, Book 5)",Rick Riordan,Fiction,2,7.0,4.8,4628.0
The Legend of Zelda: Hyrule Historia,Patrick Thorpe,Fiction,1,20.0,4.9,5396.0
The Lego Ideas Book: Unlock Your Imagination,Daniel Lipkowitz,Non Fiction,2,13.0,4.4,4247.0
The Life-Changing Magic of Tidying Up: The Japanese Art of Decluttering and Organizing,Marie Kondō,Non Fiction,4,11.0,4.5,22641.0
The Litigators,John Grisham,Fiction,1,18.0,4.4,6222.0
"The Lost Hero (Heroes of Olympus, Book 1)",Rick Riordan,Fiction,1,14.0,4.8,4506.0
The Lost Symbol,Dan Brown,Fiction,1,19.0,4.2,8747.0
The Love Dare,Stephen Kendrick,Non Fiction,1,13.0,4.8,1655.0
The Magnolia Story,Chip Gaines,Non Fiction,1,5.0,4.9,7861.0
"The Mark of Athena (Heroes of Olympus, Book 3)",Rick Riordan,Fiction,1,10.0,4.8,6247.0
The Martian,Andy Weir,Fiction,1,9.0,4.7,39459.0
The Maze Runner (Book 1),James Dashner,Fiction,1,8.0,4.5,10101.0
The Meltdown (Diary of a Wimpy Kid Book 13),Jeff Kinney,Fiction,1,8.0,4.8,5898.0
The Mueller Report,The Washington Post,Non Fiction,1,12.0,4.6,2744.0
The Nightingale: A Novel,Kristin Hannah,Fiction,2,11.0,4.8,49288.0
The Official SAT Study Guide,The College Board,Non Fiction,5,40.0,4.4,1201.0
"The Official SAT Study Guide, 2016 Edition (Official Study Guide for the New Sat)",The College Board,Non Fiction,1,36.0,4.3,807.0
The Paris Wife: A Novel,Paula McLain,Fiction,1,16.0,4.3,3759.0
"The Pioneer Woman Cooks: A Year of Holidays: 140 Step-by-Step Recipes for Simple, Scrumptious Celebrations",Ree Drummond,Non Fiction,1,17.0,4.8,2663.0
"The Pioneer Woman Cooks: Dinnertime - Comfort Classics, Freezer Food, 16-minute Meals, and Other Delicious Ways to Solve…",Ree Drummond,Non Fiction,1,14.0,4.8,3428.0
The Pioneer Woman Cooks: Food from My Frontier,Ree Drummond,Non Fiction,1,21.0,4.8,2876.0
"The Plant Paradox Cookbook: 100 Delicious Recipes to Help You Lose Weight, Heal Your Gut, and Live Lectin-Free",Dr. Steven R Gundry MD,Non Fiction,1,18.0,4.5,3601.0
"The Plant Paradox: The Hidden Dangers in ""Healthy"" Foods That Cause Disease and Weight Gain",Dr. Steven R Gundry MD,Non Fiction,1,17.0,4.4,7058.0
The Pout-Pout Fish,Deborah Diesen,Fiction,2,5.0,4.8,9784.0
The Power of Habit: Why We Do What We Do in Life and Business,Charles Duhigg,Non Fiction,1,21.0,4.6,10795.0
The President Is Missing: A Novel,James Patterson,Fiction,1,18.0,4.3,10191.0
The Racketeer,John Grisham,Fiction,1,18.0,4.3,14493.0
"The Red Pyramid (The Kane Chronicles, Book 1)",Rick Riordan,Fiction,1,12.0,4.6,2186.0
"The Road to Serfdom: Text and Documents--The Definitive Edition (The Collected Works of F. A. Hayek, Volume 2)",F. A. Hayek,Non Fiction,1,14.0,4.6,1204.0
"The Serpent's Shadow (The Kane Chronicles, Book 3)",Rick Riordan,Fiction,1,12.0,4.8,2091.0
The Shack: Where Tragedy Confronts Eternity,William P. Young,Fiction,2,8.0,4.6,19720.0
The Short Second Life of Bree Tanner: An Eclipse Novella (The Twilight Saga),Stephenie Meyer,Fiction,1,0.0,4.6,2122.0
The Silent Patient,Alex Michaelides,Fiction,1,14.0,4.5,27536.0
"The Son of Neptune (Heroes of Olympus, Book 2)",Rick Riordan,Fiction,1,10.0,4.8,4290.0
The Subtle Art of Not Giving a F*ck: A Counterintuitive Approach to Living a Good Life,Mark Manson,Non Fiction,3,15.0,4.6,26490.0
The Sun and Her Flowers,Rupi Kaur,Non Fiction,1,9.0,4.7,5487.0
"The Third Wheel (Diary of a Wimpy Kid, Book 7)",Jeff Kinney,Fiction,1,7.0,4.7,6377.0
"The Throne of Fire (The Kane Chronicles, Book 2)",Rick Riordan,Fiction,1,10.0,4.7,1463.0
The Time Traveler's Wife,Audrey Niffenegger,Fiction,1,6.0,4.4,3759.0
The Tipping Point: How Little Things Can Make a Big Difference,Malcolm Gladwell,Non Fiction,1,9.0,4.4,3503.0
The Total Money Makeover: Classic Edition: A Proven Plan for Financial Fitness,Dave Ramsey,Non Fiction,1,10.0,4.7,11550.0
The Twilight Saga Collection,Stephenie Meyer,Fiction,1,82.0,4.7,3801.0
"The Ugly Truth (Diary of a Wimpy Kid, Book 5)",Jeff Kinney,Fiction,1,12.0,4.8,3796.0
The Unofficial Harry Potter Cookbook: From Cauldron Cakes to Knickerbocker Glory--More Than 150 Magical Recipes for…,Dinah Bucholz,Non Fiction,1,10.0,4.7,9030.0
The Very Hungry Caterpillar,Eric Carle,Fiction,7,5.0,4.9,19546.0
The Whole30: The 30-Day Guide to Total Health and Food Freedom,Melissa Hartwig Urban,Non Fiction,3,16.0,4.6,7508.0
The Wonderful Things You Will Be,Emily Winfield Martin,Fiction,4,10.0,4.9,8842.0
The Wonky Donkey,Craig Smith,Fiction,2,4.0,4.8,30183.0
The Wright Brothers,David McCullough,Non Fiction,1,16.0,4.7,6169.0
"Things That Matter: Three Decades of Passions, Pastimes and Politics [Deckled Edge]",Charles Krauthammer,Non Fiction,1,15.0,4.7,7034.0
"Thinking, Fast and Slow",Daniel Kahneman,Non Fiction,2,19.0,4.6,11034.0
Thirteen Reasons Why,Jay Asher,Fiction,1,9.0,4.5,7932.0
Thomas Jefferson: The Art of Power,Jon Meacham,Non Fiction,1,23.0,4.5,1904.0
Three Cups of Tea: One Man's Mission to Promote Peace - One School at a Time,Greg Mortenson,Non Fiction,2,11.0,4.3,3319.0
Thug Kitchen: The Official Cookbook: Eat Like You Give a F*ck (Thug Kitchen Cookbooks),Thug Kitchen,Non Fiction,4,23.0,4.6,11128.0
Tina Fey: Bossypants,Tina Fey,Non Fiction,1,12.0,4.3,5977.0
To Kill a Mockingbird,Harper Lee,Fiction,5,1.4,4.8,26234.0
"Tools of Titans: The Tactics, Routines, and Habits of Billionaires, Icons, and World-Class Performers",Timothy Ferriss,Non Fiction,1,21.0,4.6,4360.0
"Towers of Midnight (Wheel of Time, Book Thirteen)",Robert Jordan,Fiction,1,21.0,4.8,2282.0
True Compass: A Memoir,Edward M. Kennedy,Non Fiction,1,15.0,4.5,438.0
"Twilight (The Twilight Saga, Book 1)",Stephenie Meyer,Fiction,1,9.0,4.7,11676.0
Ultimate Sticker Book: Frozen: More Than 60 Reusable Full-Color Stickers,DK,Fiction,1,5.0,4.5,2586.0
"Unbroken: A World War II Story of Survival, Resilience, and Redemption",Laura Hillenbrand,Non Fiction,4,15.4,4.8,29673.0
Under the Dome: A Novel,Stephen King,Fiction,1,20.0,4.3,6740.0
Unfreedom of the Press,Mark R. Levin,Non Fiction,1,11.0,4.9,5956.0
Unicorn Coloring Book: For Kids Ages 4-8 (US Edition) (Silly Bear Coloring Books),Silly Bear,Non Fiction,1,4.0,4.8,6108.0
"Uninvited: Living Loved When You Feel Less Than, Left Out, and Lonely",Lysa TerKeurst,Non Fiction,1,9.0,4.7,4585.0
Watchmen,Alan Moore,Fiction,1,42.0,4.8,3829.0
Water for Elephants: A Novel,Sara Gruen,Fiction,1,12.0,4.5,8958.0
What Happened,Hillary Rodham Clinton,Non Fiction,1,18.0,4.6,5492.0
What If?: Serious Scientific Answers to Absurd Hypothetical Questions,Randall Munroe,Non Fiction,1,17.0,4.7,9292.0
What Pet Should I Get? (Classic Seuss),Dr. Seuss,Fiction,1,14.0,4.7,1873.0
What Should Danny Do? (The Power to Choose Series),Adir Levy,Fiction,1,13.0,4.8,8170.0
What to Expect When You're Expecting,Heidi Murkoff,Non Fiction,1,9.0,4.4,3341.0
"Wheat Belly: Lose the Wheat, Lose the Weight, and Find Your Path Back to Health",William Davis,Non Fiction,2,6.0,4.4,7497.0
When Breath Becomes Air,Paul Kalanithi,Non Fiction,1,14.0,4.8,13779.0
Where the Crawdads Sing,Delia Owens,Fiction,1,15.0,4.8,87841.0
Where the Wild Things Are,Maurice Sendak,Fiction,1,13.0,4.8,9967.0
Whose Boat Is This Boat?: Comments That Don't Help in the Aftermath of a Hurricane,The Staff of The Late Show with,Non Fiction,1,12.0,4.6,6669.0
Wild: From Lost to Found on the Pacific Crest Trail,Cheryl Strayed,Non Fiction,1,18.0,4.4,17044.0
Winter of the World: Book Two of the Century Trilogy,Ken Follett,Fiction,1,15.0,4.5,10760.0
Women Food and God: An Unexpected Path to Almost Everything,Geneen Roth,Non Fiction,1,11.0,4.2,1302.0
Wonder,R. J. Palacio,Fiction,5,9.0,4.8,21625.0
Wrecking Ball (Diary of a Wimpy Kid Book 14),Jeff Kinney,Fiction,1,8.0,4.9,9413.0
You Are a Badass: How to Stop Doubting Your Greatness and Start Living an Awesome Life,Jen Sincero,Non Fiction,4,8.0,4.7,14331.0
